{
	"partitions" : [
		{
			"name" : "Top",
			"pins" : [
				{
					"name" : "mosi",
					"strict" : false
				},
				{
					"name" : "cs1",
					"strict" : false
				},
				{
					"name" : "cs2",
					"strict" : false
				},
				{
					"name" : "sclk",
					"strict" : false
				},
				{
					"name" : "LEDS[0]",
					"strict" : false
				},
				{
					"name" : "LEDS[1]",
					"strict" : false
				},
				{
					"name" : "LEDS[2]",
					"strict" : false
				},
				{
					"name" : "LEDS[3]",
					"strict" : false
				},
				{
					"name" : "LEDS[4]",
					"strict" : false
				},
				{
					"name" : "LEDS[5]",
					"strict" : false
				},
				{
					"name" : "LEDS[6]",
					"strict" : false
				},
				{
					"name" : "LEDS[7]",
					"strict" : false
				},
				{
					"name" : "SDI",
					"strict" : false
				},
				{
					"name" : "dac_sclk",
					"strict" : false
				},
				{
					"name" : "reset",
					"strict" : false
				},
				{
					"name" : "clk",
					"strict" : false
				},
				{
					"name" : "miso",
					"strict" : false
				}
			]
		}
	]
}